/******************************************/
/**** Oracle DBupdates   		       ****/
/******************************************/

create table dynamicccarea ( AreaID numeric not null, additionalflags varchar(20) not null );

alter table dynamicccarea
   add constraint FK_ccarea_Dynccarea foreign key (areaID)
      references Capcontrolarea (areaID);

insert into dynamicccarea (areaid, additionalflags) select areaid, 'NNNNNNNNNNNNNNNNNNNN' from capcontrolarea; 

/*==============================================================*/
/* Table: DYNAMICBILLINGFORMAT                                  */
/*==============================================================*/
create table DYNAMICBILLINGFORMAT  (
   FormatID             NUMBER                          not null,
   Delimiter            VARCHAR2(20),
   Header               VARCHAR2(255),
   Footer               VARCHAR2(255)
)
;

alter table DYNAMICBILLINGFORMAT
   add constraint PK_DYNAMICBILLINGFORMAT primary key (FormatID)
;

/*==============================================================*/
/* Table: DYNAMICBILLINGFIELD                                   */
/*==============================================================*/
create table DYNAMICBILLINGFIELD  (
   id                   NUMBER                          not null,
   FormatID             NUMBER                          not null,
   FieldName            VARCHAR2(50)                    not null,
   FieldOrder           NUMBER                          not null,
   FieldFormat          VARCHAR2(50),
   MaxLength            NUMBER                          not null,
   constraint PK_DYNAMICBILLINGFIELD primary key (id)
)
;

alter table BillingFileFormats ALTER COLUMN FormatType varchar(100);
go

alter table BillingFileFormats ADD SystemFormat bit;
go

update BillingFileFormats SET SystemFormat=1;

insert into sequenceNumber values (100, 'BillingFileFormats');

/* Start YUK-4744 */
insert into billingfileformats values( 31, 'STANDARD',1);
update billingFileFormats set formatID = -100 where formattype = 'INVALID'; 

insert into DynamicBillingFormat values( 31, ',' ,'H Meter kWh Time Date Peak PeakT PeakD', '');
insert into DynamicBillingFormat values( 21, ',' ,'' ,''); 

/* STANDARD */
insert into DynamicBillingField values(1, 31,'Plain Text', 0, 'M', 0);
insert into DynamicBillingField values(2, 31, 'meterNumber', 1, '', 0);
insert into DynamicBillingField values(3, 31, 'totalConsumption - reading',2,'#####', 0);
insert into DynamicBillingField values(4, 31, 'totalConsumption - timestamp', 3, 'HH:mm', 0);
insert into DynamicBillingField values(5, 31, 'totalConsumption - timestamp', 4, 'MM/dd/yyyy', 0);
insert into DynamicBillingField values(6, 31, 'totalPeakDemand - reading', 5, '##0.000', 0);
insert into DynamicBillingField values(7, 31, 'totalPeakDemand - timestamp', 6, 'HH:mm', 0);
insert into DynamicBillingField values(8, 31, 'totalPeakDemand - timestamp', 7, 'MM/dd/yyyy', 0);

/* SimpleTOU */
insert into DynamicBillingField values(10, 21, 'meterNumber', 0, '', 0);
insert into DynamicBillingField values(11, 21, 'totalConsumption - reading' ,1, '#####', 0);
insert into DynamicBillingField values(12, 21, 'totalConsumption - timestamp', 2, 'HH:mm', 0);
insert into DynamicBillingField values(13, 21, 'totalConsumption - timestamp', 3, 'MM/dd/yyyy', 0);
insert into DynamicBillingField values(14, 21, 'totalPeakDemand - reading', 4, '##0.000', 0);
insert into DynamicBillingField values(15, 21, 'totalPeakDemand - timestamp', 5, 'HH:mm', 0);
insert into DynamicBillingField values(16, 21, 'totalPeakDemand - timestamp', 6, 'MM/dd/yyyy', 0);
insert into DynamicBillingField values(17, 21, 'rateAConsumption - reading', 7, '#####', 0);
insert into DynamicBillingField values(18, 21, 'rateADemand - reading', 8, '##0.000', 0);
insert into DynamicBillingField values(19, 21, 'rateADemand - timestamp', 9, 'HH:mm', 0);
insert into DynamicBillingField values(20, 21, 'rateADemand - timestamp', 10, 'MM/dd/yyyy', 0);
insert into DynamicBillingField values(21, 21, 'rateBConsumption - reading', 11, '#####', 0);
insert into DynamicBillingField values(22, 21, 'rateBDemand - reading', 12, '##0.000', 0);
insert into DynamicBillingField values(23, 21, 'rateBDemand - timestamp', 13, 'HH:mm', 0);
insert into DynamicBillingField values(24, 21, 'rateBDemand - timestamp', 14, 'MM/dd/yyyy', 0); 

/* End YUK-4744 */

alter table DYNAMICBILLINGFIELD
   add constraint PK_DYNAMICBILLINGFIELD primary key (id)
;

update yukonpaobject set type = 'MCT-430SL' where type = 'MCT-430SN' or type = 'MCT430SN';
update devicetypecommand set devicetype = 'MCT-430SL' where devicetype = 'MCT-430SN' or devicetype = 'MCT430SN';

/************************************* 
	START CAPCONTROL 4.0 CHANGES 
*************************************/
insert into SeasonSchedule values (-1,'No Season');
insert into DateOfSeason values(-1, 'Default', 1,1,12,31);

create table CCSeasonStrategyAssignment (
	PaobjectId numeric not null,
	SeasonScheduleId numeric not null,
	SeasonName varchar(20) not null,
	StrategyId numeric not null
);

alter table CapControlArea  drop constraint FK_CAPCONTAREA_CAPCONTRSTRAT;
alter table CapControlArea drop column StrategyId;
alter table CapControlSubstationbus  drop constraint FK_CCSUBB_CCSTR;
alter table CapControlSubstationbus drop column StrategyId;
alter table CapControlFeeder  drop constraint FK_CCFDR_CCSTR;
alter table CapControlFeeder drop column StrategyId;

create table CapControlSpecialArea( AreaID numeric not null );

alter table CapControlSpecialArea
   add constraint PK_CapControlSpecialArea primary key nonclustered (AreaID);

create table CCSubSpecialAreaAssignment (

   AreaID numeric not null,
   SubstationBusID numeric not null,
   DisplayOrder numeric not null
);

alter table CCSubSpecialAreaAssignment
   add constraint PK_CCSubSpecialAreaAssignment primary key nonclustered (AreaId, SubstationBusId);

alter table CCSubSpecialAreaAssignment
   add constraint FK_CCSubSpecialArea_CapContr foreign key (AreaID)
      references CapControlSpecialArea (AreaID);

alter table CCSubSpecialAreaAssignment
   add constraint FK_CCSubSpecialArea_CapSubAreaAssgn foreign key (SubstationBusId)
      references CapControlSubstationBus (SubstationBusId);

create table DynamicCCSpecialArea (
   AreaID               numeric              not null,
   Additionalflags      varchar(20)          not null
);

alter table DynamicCCSpecialArea
   add constraint FK_ccspecialarea_Dynccspecialarea foreign key (AreaID)
      references CapControlSpecialArea (AreaID);

insert into DynamicCCSpecialArea (AreaId, Additionalflags) select areaid, 'NNNNNNNNNNNNNNNNNNNN' from CapControlSpecialArea;

alter table DynamicCCFeeder add PhaseAValue float;
update DynamicCCFeeder set PhaseAValue = 0;
alter table DynamicCCFeeder alter column PhaseAValue float not null;

alter table DynamicCCFeeder add PhaseBValue float;
update DynamicCCFeeder set PhaseBValue = 0;
alter table DynamicCCFeeder alter column PhaseBValue float not null;

alter table DynamicCCFeeder add PhaseCValue float;
update DynamicCCFeeder set PhaseCValue = 0;
alter table DynamicCCFeeder alter column PhaseCValue float not null;

alter table DynamicCCSubstationbus add PhaseAValue float;
update DynamicCCSubstationbus set PhaseAValue = 0;
alter table DynamicCCSubstationbus alter column PhaseAValue float not null;

alter table DynamicCCSubstationbus add PhaseBValue float;
update DynamicCCSubstationbus set PhaseBValue = 0;
alter table DynamicCCSubstationbus alter column PhaseBValue float not null;

alter table DynamicCCSubstationbus add PhaseCValue float;
update DynamicCCSubstationbus set PhaseCValue = 0;
alter table DynamicCCSubstationbus alter column PhaseCValue float not null;

alter table CapControlFeeder add UsePhaseData char(1);
update CapControlFeeder set UsePhaseData = 'N';
alter table CapControlFeeder alter column UsePhaseData char(1) not null;

alter table CapControlFeeder add PhaseB numeric;
update CapControlFeeder set PhaseB = 0;
alter table CapControlFeeder alter column PhaseB numeric not null;

alter table CapControlFeeder add PhaseC numeric;
update CapControlFeeder set PhaseC = 0;
alter table CapControlFeeder alter column PhaseC numeric not null;

alter table CapControlSubstationbus add UsePhaseData char(1);
update CapControlSubstationbus set UsePhaseData = 'N';
alter table CapControlSubstationbus alter column UsePhaseData char(1) not null;

alter table CapControlSubstationbus add PhaseB numeric;
update CapControlSubstationbus set PhaseB = 0;
alter table CapControlSubstationbus alter column PhaseB numeric not null;

alter table CapControlSubstationbus add PhaseC numeric;
update CapControlSubstationbus set PhaseC = 0;
alter table CapControlSubstationbus alter column PhaseC numeric not null;

/************************************* 
	END CAPCONTROL 4.0 CHANGES 
*************************************/

/*==============================================================*/
/* Table: CAPCONTROLSPECIALAREA                                 */
/*==============================================================*/
create table CAPCONTROLSPECIALAREA  (
   AreaID               NUMBER                          not null
)
;
/*==============================================================*/
/* Table: CCSUBSPECIALAREAASSIGNMENT                            */
/*==============================================================*/
create table CCSUBSPECIALAREAASSIGNMENT  (
   AreaID               NUMBER                          not null,
   SubstationBusID      NUMBER                          not null,
   DisplayOrder         NUMBER                          not null
)
;

delete from LMThermostatSeasonEntry where SeasonID in (select SeasonID from LMThermostatSeason where ScheduleID in (select ScheduleID from LMThermostatSchedule where ThermostatTypeID in (select EntryID from YukonListEntry where YukonDefinitionID = 3100)));
delete from LMThermostatSeason where ScheduleID in (select ScheduleID from LMThermostatSchedule where ThermostatTypeID in (select EntryID from YukonListEntry where YukonDefinitionID = 3100));
delete from ECToGenericMapping where MappingCategory = 'LMThermostatSchedule' and ItemID in (select ScheduleID from LMThermostatSchedule where ThermostatTypeID in (select EntryID from YukonListEntry where YukonDefinitionID = 3100));
delete from LMThermostatSchedule where ThermostatTypeID in (select EntryID from YukonListEntry where YukonDefinitionID = 3100);
update LMHardwareBase set LMHardwareTypeID = 0 where LMHardwareTypeID in (select EntryID from YukonListEntry where YukonDefinitionID = 3100);
delete from YukonlistEntry where YukonDefinitionID = 3100;



update State
set text = 'Normal'
where 
	stategroupid = -1 
	and text = 'AnalogText';
-- the following inserts will be in the creation scripts starting with 4.0 but 
-- still needed for upgrading clients
/* @error ignore-begin */
INSERT INTO State VALUES(-1, 1, 'Non-update', 1, 6 , 0);
INSERT INTO State VALUES(-1, 2, 'Rate of Change', 2, 6 , 0);
INSERT INTO State VALUES(-1, 3, 'Limit Set 1', 3, 6 , 0);
INSERT INTO State VALUES(-1, 4, 'Limit Set 2', 4, 6 , 0);
INSERT INTO State VALUES(-1, 5, 'High Reasonability', 5, 6 , 0);
INSERT INTO State VALUES(-1, 6, 'Low Reasonability', 6, 6 , 0);
INSERT INTO State VALUES(-1, 7, 'Low Limit 1', 7, 6 , 0);
INSERT INTO State VALUES(-1, 8, 'Low Limit 2', 8, 6 , 0);
INSERT INTO State VALUES(-1, 9, 'High Limit 1', 9, 6 , 0);
INSERT INTO State VALUES(-1, 10, 'High Limit 2', 10, 6 , 0);
/* @error ignore-end */

alter table ccfeederbanklist alter column controlorder float;
alter table ccfeederbanklist alter column closeorder float;
alter table ccfeederbanklist alter column triporder float;

update command set label = 'Turn Off Test Light' where commandid = -65;
update command set label = 'Clear Comm Loss Counter' where commandid = -67;

insert into seasonSchedule values (-1,'No Season');
insert into dateOfSeason values(-1, 'Default', 1,1,12,31);

/* @error ignore-begin */
insert into yukonroleproperty values (-100011,-1000, 'Daily/Max Operation Count', 'true', 'is Daily/Max Operation stat displayed');
insert into yukonroleproperty values (-100012,-1000, 'Substation Last Update Timestamp', 'true', 'is last update timstamp shown for substations');
insert into yukonroleproperty values (-100106,-1001, 'Feeder Last Update Timestamp', 'true', 'is last update timstamp shown for feeders');
insert into yukonroleproperty values (-100203,-1002, 'CapBank Last Update Timestamp', 'true', 'is last update timstamp shown for capbanks');
insert into yukonroleproperty values (-100105,-1001, 'Target', 'true', 'is target stat displayed');
/* @error ignore-end */

update yukonroleproperty set DefaultValue = 'false' where rolepropertyid = -100008;
update yukonroleproperty set DefaultValue = 'false' where rolepropertyid = -100007;

insert into YukonRoleProperty values(-1308,-4,'LDAP DN','dc=example,dc=com','LDAP Distinguished Name')
insert into YukonRoleProperty values(-1309,-4,'LDAP User Suffix','ou=users','LDAP User Suffix')
insert into YukonRoleProperty values(-1310,-4,'LDAP User Prefix','uid=','LDAP User Prefix')
insert into YukonRoleProperty values(-1311,-4,'LDAP Server Address','127.0.0.1','LDAP Server Address')
insert into YukonRoleProperty values(-1312,-4,'LDAP Server Port','389','LDAP Server Port')
insert into YukonRoleProperty values(-1313,-4,'LDAP Server Timeout','30','LDAP Server Timeout (in seconds)')

insert into YukonRoleProperty values(-1314,-4,'Active Directory Server Address','127.0.0.1','Active Directory Server Address')
insert into YukonRoleProperty values(-1315,-4,'Active Directory Server Port','389','Active Directory Server Port')
insert into YukonRoleProperty values(-1316,-4,'Active Directory Server Timeout','30','Active Directory Server Timeout (in seconds)')
insert into YukonRoleProperty values(-1317,-4,'Active Directory NT Domain Name','(none)','Active Directory NT DOMAIN NAME')

insert into YukonGroupRole values(-50,-1,-4,-1308,'(none)');
insert into YukonGroupRole values(-51,-1,-4,-1309,'(none)');
insert into YukonGroupRole values(-52,-1,-4,-1310,'(none)');
insert into YukonGroupRole values(-53,-1,-4,-1311,'(none)');
insert into YukonGroupRole values(-54,-1,-4,-1312,'(none)');
insert into YukonGroupRole values(-55,-1,-4,-1313,'(none)');

insert into YukonGroupRole values(-56,-1,-4,-1314,'(none)');
insert into YukonGroupRole values(-57,-1,-4,-1315,'(none)');
insert into YukonGroupRole values(-58,-1,-4,-1316,'(none)');
insert into YukonGroupRole values(-59,-1,-4,-1317,'(none)');
insert into YukonGroupRole values(-92,-1,-4,-1307,'(none)');

drop table TOUATTRIBUTEMAPPING cascade constraints;

/*==============================================================*/
/* Table: TOUATTRIBUTEMAPPING                                   */
/*==============================================================*/
create table TOUATTRIBUTEMAPPING  (
   touID                NUMBER(6)                       not null,
   displayname          VARCHAR2(50)                    not null,
   peakAttribute        VARCHAR2(50)                    not null,
   usageAttribute       VARCHAR2(50)                    not null
);

INSERT INTO TouAttributeMapping (displayname, peakattribute, usageattribute) VALUES ('A', 'TOU_RATE_A_PEAK_DEMAND', 'TOU_RATE_A_USAGE');
INSERT INTO TouAttributeMapping (displayname, peakattribute, usageattribute) VALUES ('B', 'TOU_RATE_B_PEAK_DEMAND', 'TOU_RATE_B_USAGE');
INSERT INTO TouAttributeMapping (displayname, peakattribute, usageattribute) VALUES ('C', 'TOU_RATE_C_PEAK_DEMAND', 'TOU_RATE_C_USAGE');
INSERT INTO TouAttributeMapping (displayname, peakattribute, usageattribute) VALUES ('D', 'TOU_RATE_D_PEAK_DEMAND', 'TOU_RATE_D_USAGE');

alter table TOUATTRIBUTEMAPPING
   add constraint PK_TOUATTRIBUTEMAPPING primary key (touID);

alter table cceventlog add actionId numeric;
go
update cceventlog set actionId = -1;
go
alter table cceventlog alter column actionId numeric not null;

/* Begin YUK-4785 */
drop table DEVICECONFIGURATIONDEVICEMAP cascade constraints;

/*==============================================================*/
/* Table: DEVICECONFIGURATIONDEVICEMAP                          */
/*==============================================================*/
create table DEVICECONFIGURATIONDEVICEMAP  (
   DeviceConfigurationId NUMBER                          not null,
   DeviceID             NUMBER                          not null,
   constraint PK_DEVICECONFIGURATIONDEVICEMA primary key (DeviceConfigurationId)
);

alter table DEVICECONFIGURATIONDEVICEMAP
   add constraint FK_DEVICECO_REFERENCE_YUKONPAO foreign key (DeviceID)
      references YukonPAObject (PAObjectID)
      on delete cascade;

drop table DEVICECONFIGURATION cascade constraints;

/*==============================================================*/
/* Table: DEVICECONFIGURATION                                   */
/*==============================================================*/
create table DEVICECONFIGURATION  (
   DeviceConfigurationID NUMBER                          not null,
   Name                 VARCHAR2(30)                    not null,
   Type                 VARCHAR2(30)                    not null,
   constraint PK_DEVICECONFIGURATION primary key (DeviceConfigurationID)
);

alter table DEVICECONFIGURATION
   add constraint FK_DEVICECO_REF_DEVICECO2 foreign key (DeviceConfigurationID)
      references DEVICECONFIGURATIONDEVICEMAP (DeviceConfigurationId)
      on delete cascade;

drop table DEVICECONFIGURATIONITEM cascade constraints;

/*==============================================================*/
/* Table: DEVICECONFIGURATIONITEM                               */
/*==============================================================*/
create table DEVICECONFIGURATIONITEM  (
   DEVICECONFIGURATIONITEMID NUMBER                          not null,
   DeviceConfigurationID NUMBER                          not null,
   FieldName            VARCHAR2(30)                    not null,
   Value                VARCHAR2(30)                    not null,
   constraint PK_DEVICECONFIGURATIONITEM primary key (DEVICECONFIGURATIONITEMID)
);

alter table DEVICECONFIGURATIONITEM
   add constraint FK_DEVICECO_REFERENCE_DEVICECO foreign key (DeviceConfigurationID)
      references DEVICECONFIGURATION (DeviceConfigurationID)
      on delete cascade;
      
/* End YUK-4785
insert into YukonRoleProperty values(-20013,-200,'Edit Device Config','false','Controls the ability to edit and create device configurations');
insert into YukonRoleProperty values(-20014,-200,'View Device Config','true','Controls the ability to view existing device configurations');
insert into YukonRoleProperty values(-20206,-202,'Enable Profile Request','true','Access to perform profile data request');

alter table userPaoPermission add Allow varchar(5);
update UserPaoPermission set Allow = 'ALLOW';
alter table groupPaoPermission add Allow varchar(5);
update GroupPaoPermission set Allow = 'ALLOW';

insert into YukonRoleProperty values(-70013,-700,'Definition Available','Open,OpenQuestionable,OpenPending','Capbank sized in these states will be added to the available sum.');
insert into YukonRoleProperty values(-70014,-700,'Definition Unavailable','Close,CloseQuestionable,CloseFail,ClosePending,OpenFail','Capbank sized in these states will be added to the unavailable sum.');
insert into YukonRoleProperty values(-70015,-700,'Definition Tripped','Open,OpenFail,OpenPending,OpenQuestionable','Capbank sized in these states will be added to the tripped sum.');
insert into YukonRoleProperty values(-70016,-700,'Definition Closed','Close,CloseFail,CloseQuestionable,ClosePending','Capbank sized in these states will be added to the closed sum.');
insert into YukonRoleProperty VALUES(-100204, -1002, 'Daily/Total Operation Count', 'true', 'is Daily/Total Operation Count displayed');

/* Start YUK-4752 */
INSERT INTO DeviceGroup
(DeviceGroupId,GroupName,ParentDeviceGroupId,SystemGroup,Type)
SELECT MAX(DeviceGroupID)+1,'System',0,'Y','STATIC' FROM DeviceGroup WHERE DeviceGroupId<100;

INSERT INTO DeviceGroup
(DeviceGroupId,GroupName,ParentDeviceGroupId,SystemGroup,Type)
SELECT MAX(DeviceGroupID)+1,'Routes',(SELECT MAX(DeviceGroupID) from DeviceGroup WHERE DeviceGroupId<100),'Y','ROUTE' FROM DeviceGroup WHERE DeviceGroupId<100;

INSERT INTO DeviceGroup
(DeviceGroupId,GroupName,ParentDeviceGroupId,SystemGroup,Type)
SELECT MAX(DeviceGroupID)+1,'Device Types',(SELECT MAX(DeviceGroupID) -1 from DeviceGroup WHERE DeviceGroupId<100),'Y','DEVICETYPE' FROM DeviceGroup WHERE DeviceGroupId<100; 
/* End YUK-4752 */

alter table dynamiccccapbank add beforeVar varchar2(32);
update dynamiccccapbank set beforeVar = '---';
alter table dynamiccccapbank modify beforeVar not null;
alter table dynamiccccapbank add afterVar varchar2(32);
update dynamiccccapbank set afterVar = '---';
alter table dynamiccccapbank modify afterVar varchar2(32) not null;
alter table dynamiccccapbank add changeVar varchar2(32);
update dynamiccccapbank set changeVar = '---';
alter table dynamiccccapbank modify changeVar varchar2(32) not null;

alter table lmthermostatgear add RampRate float;
update lmthermostatgear set RampRate = 0;
alter table lmthermostatgear modify RampRate not null;

/* Start YUK-4707 */
create table CAPCONTROLSUBSTATION (
   SubstationID         numeric              not null,
   constraint PK_CAPCONTROLSUBSTATION primary key nonclustered (SubstationID)
);

create table dynamicccsubstation
(
	substationid numeric not null,
	additionalflags varchar(20) not null,
	saenabledid numeric not null
);


create table ccsubstationsubbuslist
(
	substationid numeric not null,
	substationbusid numeric not null,
	displayorder numeric not null
);

select
	paoname as SubBusName,
	paobjectid as subbusId,
	paoname as CCsubStationName
into
	 #mySubstation
from
	yukonpaobject
where
	type = 'CCSUBBUS';


declare @ccsubstationname varchar(60);

declare substation_curs cursor for (select distinct(CCsubStationName) from #mySubstation);
open substation_curs;
fetch substation_curs into @ccsubstationname;

while (@@fetch_status = 0)
	begin
		insert into yukonpaobject (paobjectid, category, paoclass, paoname, type, description, disableflag, paostatistics)
		select 
			Max(paobjectid) + 1,
			'CAPCONTROL',
			'CAPCONTROL',
			@ccsubstationname,
			'CCSUBSTATION',
			'(none)',
			'N',
			'-----' 
		from 
			yukonpaobject;
		fetch substation_curs into @ccsubstationname;
	end
close substation_curs;
deallocate substation_curs;

select 
	s.*
	, yp.paobjectid as Substationid
	, yp1.paoname as areaname
	, yp1.paobjectid as areaId
into 
	#mySubstation2
from
	yukonpaobject yp
	, #mySubstation s
	, yukonpaobject yp1
	, ccsubareaassignment sa
where
	yp.paoname = s.ccsubstationname
	and yp.type = 'CCSUBSTATION'
	and s.subbusid = sa.substationbusid
	and sa.areaid = yp1.paobjectid;

select 
	s.*
	, yp.paobjectid as Substationid
	, yp1.paoname as areaname
	, yp1.paobjectid as areaId
into 
	#mySubstation3
from
	yukonpaobject yp
	, #mySubstation s
	, yukonpaobject yp1
	, ccsubspecialareaassignment sa
where
	yp.paoname = s.ccsubstationname
	and yp.type = 'CCSUBSTATION'
	and s.subbusid = sa.substationbusid
	and sa.areaid = yp1.paobjectid;

select 
	*
into
	#ccsubareaassignment_backup
from 
	ccsubareaassignment;

select 
	*
into
	#ccsubspecialareaassignment_backup
from 
	ccsubspecialareaassignment;

alter table ccsubareaassignment drop constraint FK_CCSUBARE_CAPSUBAREAASSGN;
alter table CCSUBAREAASSIGNMENT
   add constraint FK_CCSUBARE_CAPSUBAREAASSGN foreign key (SubstationBusID)
      references CAPCONTROLSUBSTATION (SubstationID);

update 
	ccsubareaassignment
set 
	ccsubareaassignment.substationbusid=#mySubstation2.substationid
from 
	ccsubareaassignment
	, #mySubstation2
where 
	ccsubareaassignment.substationbusid = #mySubstation2.subbusid;

update 
	ccsubspecialareaassignment
set 
	ccsubspecialareaassignment.substationbusid = #mySubstation3.substationid
from 
	ccsubspecialareaassignment
	, #mySubstation3
where 
	ccsubspecialareaassignment.substationbusid = #mySubstation3.subbusid;


declare @ccsubstationid numeric;
declare @lastsubstationid numeric;
declare @ccsubbusid numeric;
declare @index numeric;

declare substation_curs cursor for (select subbusid, substationid from #mySubstation2);
open substation_curs;
fetch substation_curs into @ccsubbusid, @ccsubstationid;
set @index = 1;
while (@@fetch_status = 0)
    begin
		insert into ccsubstationsubbuslist (substationid,substationbusid, displayorder)
		select 
			@ccsubstationid
			, @ccsubbusid
			, @index ;
		set @lastsubstationid = @ccsubstationid;
		fetch substation_curs into @ccsubbusid, @ccsubstationid;
		if (@lastsubstationid = @ccsubstationid)
			set @index = @index + 1;
		else
			set @index = 1;
	end

close substation_curs;
deallocate substation_curs;

insert into capcontrolsubstation (substationid) select paobjectid from yukonpaobject where type = 'CCSUBSTATION';

drop table #mySubstation;
drop table #mySubstation2;
drop table #mySubstation3;
drop table #ccsubareaassignment_backup;
drop table #ccsubspecialareaassignment_backup;

alter table CAPCONTROLSUBSTATION
   add constraint FK_CAPCONTR_REFERENCE_YUKONPAO foreign key (SubstationID)
      references YukonPAObject (PAObjectID)
         on update cascade on delete cascade;
go

alter table CCSUBSPECIALAREAASSIGNMENT
   add constraint FK_CCSUBSPE_REFERENCE_CAPCONTR foreign key (AreaID)
      references CAPCONTROLSPECIALAREA (AreaID);
go

alter table CCSUBAREAASSIGNMENT
   add constraint FK_CCSUBARE_CAPSUBAREAASSGN foreign key (SubstationBusID)
      references CAPCONTROLSUBSTATION (SubstationID)
         on delete cascade;
go

alter table CCSUBSPECIALAREAASSIGNMENT
   add constraint FK_CCSUBSPE_CAPCONTR2 foreign key (SubstationBusID)
      references CAPCONTROLSUBSTATION (SubstationID)
         on update cascade on delete cascade;
go

alter table CAPCONTROLSPECIALAREA
   add constraint FK_CAPCONTR_YUKONPAO2 foreign key (AreaID)
      references YukonPAObject (PAObjectID);
go

ALTER TABLE CCSUBSTATIONSUBBUSLIST 
	ADD  CONSTRAINT PK_CCSUBSTATIONSUBBUSLIST PRIMARY KEY CLUSTERED 
(
	SubStationID ASC,
	SubStationBusID ASC
);

alter table CCSUBSTATIONSUBBUSLIST
   add constraint FK_CCSUBSTA_CAPCONTR foreign key (SubStationID)
      references CAPCONTROLSUBSTATION (SubstationID);
go

alter table CCSUBSTATIONSUBBUSLIST
   add constraint FK_CCSUBSTA_REFERENCE_CAPCONTR foreign key (SubStationBusID)
      references CAPCONTROLSUBSTATIONBUS (SubstationBusID);
go
/* End YUK-4707 */

create or replace view CCINVENTORY_VIEW(Region, SubName, FeederName, subId, substationid, fdrId, CBCName, cbcId, capbankname, bankId, CapBankSize, Sequence, ControlStatus, SWMfgr, SWType, ControlType, Protocol, IPADDRESS, SlaveAddress, LAT, LON, DriveDirection, OpCenter, TA) as
SELECT yp4.paoname AS Region, yp3.PAOName AS SubName, yp2.PAOName AS FeederName, yp3.PAObjectID AS subId, ssl.substationid AS substationid, yp2.PAObjectID AS fdrId, 
                      yp.PAOName AS CBCName, yp.PAObjectID AS cbcId, yp1.PAOName AS capBankName, yp1.PAObjectID AS bankId, cb.BANKSIZE AS CapBankSize, 
                      fb.ControlOrder AS Sequence, dcb.ControlStatus, cb.SwitchManufacture AS SWMfgr, cb.TypeOfSwitch AS SWType, 
                      cb.OPERATIONALSTATE AS ControlType, cb.ControllerType AS Protocol, pts.IPADDRESS, da.SlaveAddress, 
                                capa.latitude AS LAT, capa.longitude AS LON, capa.drivedirections AS DriveDirection, 
                                cb.maplocationid AS OpCenter, capa.maintenanceareaid AS TA
FROM CAPBANK cb INNER JOIN
                      YukonPAObject yp ON yp.PAObjectID = cb.CONTROLDEVICEID INNER JOIN
                      YukonPAObject yp1 ON yp1.PAObjectID = cb.DEVICEID INNER JOIN
                      DynamicCCCapBank dcb ON dcb.CapBankID = yp1.PAObjectID INNER JOIN
                      STATE s ON s.STATEGROUPID = 3 AND dcb.ControlStatus = s.RAWSTATE INNER JOIN
                      CCFeederBankList fb ON fb.DeviceID = cb.DEVICEID INNER JOIN
                      YukonPAObject yp2 ON yp2.PAObjectID = fb.FeederID INNER JOIN
                      CCFeederSubAssignment sf ON fb.FeederID = sf.FeederID INNER JOIN
                      YukonPAObject yp3 ON yp3.PAObjectID = sf.SubStationBusID INNER JOIN
                      ccsubstationsubbuslist ssl on ssl.substationbusid = yp3.paobjectid INNER JOIN
                      ccsubareaassignment sa on sa.substationbusid = ssl.substationid INNER JOIN
                      yukonpaobject yp4 on yp4.paobjectid = sa.areaid INNER JOIN
                      DeviceDirectCommSettings ddcs ON ddcs.DEVICEID = cb.CONTROLDEVICEID INNER JOIN
                      DeviceAddress da ON da.DeviceID = cb.CONTROLDEVICEID INNER JOIN
                      PORTTERMINALSERVER pts ON pts.PORTID = ddcs.PORTID INNER JOIN
                      DeviceCBC cbc ON cbc.DEVICEID = cb.CONTROLDEVICEID INNER JOIN
                      capbankadditional capa on capa.deviceid = cb.deviceid;
;

create or replace view CCOPERATIONS_VIEW(cbcName, capbankname, opTime, operation, confTime, confStatus, feederName, feederId, subName, subBusId, substationid, region, BANKSIZE, protocol, ipAddress, serialNum, SlaveAddress, kvarAfter, kvarChange, kvarBefore) as
SELECT 
      yp3.PAOName AS cbcName, yp.PAOName AS capbankname, el.DateTime AS opTime, el.Text AS operation, 
      el2.DateTime AS confTime, el2.Text AS confStatus, yp1.PAOName AS feederName, yp1.PAObjectID AS feederId, 
        yp2.PAOName AS subName, yp2.PAObjectID AS subBusId, ssl.substationid AS substationid, yp4.paoname AS region, cb.BANKSIZE, 
        cb.ControllerType AS protocol, p.Value AS ipAddress, cbc.SERIALNUMBER AS serialNum, da.SlaveAddress, 
        el2.kvarAfter, el2.kvarChange, el2.kvarBefore
FROM   
      (SELECT op.LogID AS oid, MIN(aaa.confid) AS cid FROM
              (SELECT LogID, PointID FROM CCEventLog 
        WHERE Text LIKE '%Close sent%' OR Text LIKE '%Open sent%') op
        LEFT OUTER JOIN 
        (SELECT el.LogID AS opid, MIN(el2.LogID) AS confid 
        FROM CCEventLog el INNER JOIN CCEventLog el2 ON el2.PointID = el.PointID AND el.LogID < el2.LogID 
        LEFT OUTER JOIN
        (SELECT a.LogID AS aid, MIN(b.LogID) AS next_aid FROM 
        CCEventLog a INNER JOIN CCEventLog b ON a.PointID = b.PointID AND a.LogID < b.LogID 
        WHERE (a.Text LIKE '%Close sent,%' OR a.Text LIKE '%Open sent,%') 
        AND (b.Text LIKE '%Close sent,%' OR b.Text LIKE '%Open sent,%')
        GROUP BY a.LogID) el3 ON el3.aid = el.LogID 
      WHERE (el.Text LIKE '%Close sent,%' OR el.Text LIKE '%Open sent,%') 
        AND (el2.Text LIKE 'Var: %') AND (el2.LogID < el3.next_aid) 
      OR (el.Text LIKE '%Close sent,%' OR el.Text LIKE '%Open sent,%') 
        AND (el2.Text LIKE 'Var: %') AND (el3.next_aid IS NULL)
        GROUP BY el.LogID)  aaa ON op.LogID = aaa.opid
GROUP BY op.LogID) OpConf INNER JOIN
        CCEventLog el ON el.LogID = OpConf.oid LEFT OUTER JOIN
        CCEventLog el2 ON el2.LogID = OpConf.cid INNER JOIN
        POINT ON POINT.POINTID = el.PointID INNER JOIN
        DynamicCCCapBank ON DynamicCCCapBank.CapBankID = POINT.PAObjectID INNER JOIN
        YukonPAObject yp ON yp.PAObjectID = DynamicCCCapBank.CapBankID INNER JOIN
        YukonPAObject yp1 ON yp1.PAObjectID = el.FeederID INNER JOIN
        YukonPAObject yp2 ON yp2.PAObjectID = el.SubID INNER JOIN
        CAPBANK cb ON cb.DEVICEID = DynamicCCCapBank.CapBankID LEFT OUTER JOIN
        DeviceDirectCommSettings ddcs ON ddcs.DEVICEID = cb.CONTROLDEVICEID LEFT OUTER JOIN
        DeviceAddress da ON da.DeviceID = cb.CONTROLDEVICEID INNER JOIN
        YukonPAObject yp3 ON yp3.PAObjectID = cb.CONTROLDEVICEID LEFT OUTER JOIN
        DeviceCBC cbc ON cbc.DEVICEID = cb.CONTROLDEVICEID LEFT OUTER JOIN
        (SELECT EntryID, PAObjectID, Owner, InfoKey, Value, UpdateTime
        FROM DynamicPAOInfo WHERE (InfoKey LIKE '%udp ip%')) 
        p ON p.PAObjectID = cb.CONTROLDEVICEID LEFT OUTER JOIN
        ccsubstationsubbuslist as ssl on ssl.substationbusid = el.subid  LEFT OUTER JOIN
        ccsubareaassignment as csa on csa.substationbusid = ssl.substationid left outer join 
        YukonPAObject AS yp4 ON yp4.paobjectid = csa.areaid;
;

/* Start YUK-4730 */
drop table JOB cascade constraints;

/*==============================================================*/
/* Table: JOB                                                   */
/*==============================================================*/
create table JOB  (
   JobID                INTEGER                         not null,
   BeanName             VARCHAR2(250)                   not null,
   Disabled             CHAR(1)                         not null,
   UserID               NUMBER                          not null,
   constraint PK_JOB primary key (JobID)
);

alter table JOB
   add constraint FK_Job_YukonUser foreign key (UserID)
      references YukonUser (UserID);

drop table JOBPROPERTY cascade constraints;

/*==============================================================*/
/* Table: JOBPROPERTY                                           */
/*==============================================================*/
create table JOBPROPERTY  (
   JobProperty          NUMBER                          not null,
   JobID                INTEGER                         not null,
   name                 CLOB                            not null,
   value                CLOB                            not null,
   constraint PK_JOBPROPERTY primary key (JobProperty)
);

alter table JOBPROPERTY
   add constraint FK_JobProperty_Job foreign key (JobID)
      references JOB (JobID)
      on delete cascade;

drop table JOBSCHEDULEDONETIME cascade constraints;

/*==============================================================*/
/* Table: JOBSCHEDULEDONETIME                                   */
/*==============================================================*/
create table JOBSCHEDULEDONETIME  (
   JobID                int                             not null,
   StartTime            DATE                            not null,
   constraint PK_JOBSCHEDULEDONETIME primary key (JobID)
);

alter table JOBSCHEDULEDONETIME
   add constraint FK_JobScheduledOneTime_Job foreign key (JobID)
      references JOB (JobID)
      on delete cascade;

drop table JOBSCHEDULEDREPEATING cascade constraints;

/*==============================================================*/
/* Table: JOBSCHEDULEDREPEATING                                 */
/*==============================================================*/
create table JOBSCHEDULEDREPEATING  (
   JobID                INTEGER                         not null,
   CronString           CLOB                            not null,
   constraint PK_JobScheduledRepeating primary key (JobID)
);

alter table JOBSCHEDULEDREPEATING
   add constraint FK_JOBSCHED_REFERENCE_JOB foreign key (JobID)
      references JOB (JobID)
      on delete cascade;

drop table JOBSTATUS cascade constraints;

/*==============================================================*/
/* Table: JOBSTATUS                                             */
/*==============================================================*/
create table JOBSTATUS  (
   JobStatusID          INTEGER                         not null,
   JobID                INTEGER                         not null,
   StartTime            DATE                            not null,
   StopTime             DATE,
   JobState             VARCHAR2(50),
   message              CLOB,
   constraint PK_JOBSTATUS primary key (JobStatusID)
);

alter table JOBSTATUS
   add constraint FK_JobStatus_Job foreign key (JobID)
      references JOB (JobID)
      on delete cascade;

alter table JOBSTATUS
   add constraint FK_JobStatus_JobStatus foreign key (JobStatusID)
      references JOBSTATUS (JobStatusID);

drop table JOBSTATUS cascade constraints;

/*==============================================================*/
/* Table: JOBSTATUS                                             */
/*==============================================================*/
create table JOBSTATUS  (
   JobStatusID          INTEGER                         not null,
   JobID                INTEGER                         not null,
   StartTime            DATE                            not null,
   StopTime             DATE,
   JobState             VARCHAR2(50),
   message              CLOB,
   constraint PK_JOBSTATUS primary key (JobStatusID)
);

alter table JOBSTATUS
   add constraint FK_JobStatus_Job foreign key (JobID)
      references JOB (JobID)
      on delete cascade;

/* End YUK-4730 */

/* Begin YUK-4771 (formerly YUK-4716) */
drop table CCSTRATEGYTIMEOFDAY cascade constraints;

/*==============================================================*/
/* Table: CCSTRATEGYTIMEOFDAY                                   */
/*==============================================================*/
create table CCSTRATEGYTIMEOFDAY  (
   StrategyID           NUMBER                          not null,
   StartTimeSeconds     NUMBER                          not null,
   PercentClose         NUMBER                          not null,
   constraint PK_STRAT_TOD primary key (StrategyID, StartTimeSeconds)
);

alter table CCSTRATEGYTIMEOFDAY
   add constraint FK_STRAT_TOD_CCSTRAT foreign key (StrategyID)
      references CapControlStrategy (StrategyID);
/* End YUK-4716 */

/* Start YUK-4763 */
alter table DynamicCCFeeder add LastWattPointTime datetime;
update DynamicCCFeeder set LastWattPointTime = '1990-01-01 00:00:00';
alter table DynamicCCFeeder alter column LastWattPointTime datetime not null;
alter table DynamicCCFeeder add LastVoltPointTime datetime;
update DynamicCCFeeder set LastVoltPointTime = '1990-01-01 00:00:00';
alter table DynamicCCFeeder alter column LastVoltPointTime datetime not null;

alter table DynamicCCSubstationbus add LastWattPointTime datetime;
update DynamicCCSubstationbus set LastWattPointTime = '1990-01-01 00:00:00';
alter table DynamicCCSubstationbus alter column LastWattPointTime datetime not null;
alter table DynamicCCSubstationbus add LastVoltPointTime datetime;
update DynamicCCSubstationbus set LastVoltPointTime = '1990-01-01 00:00:00';
alter table DynamicCCSubstationbus alter column LastVoltPointTime datetime not null;
/* End YUK-4772*/

/* Start YUK-4759 */
alter table SubstationToRouteMapping drop constraint FK_Sub_Rte_Map_RteID;

alter table SubstationToRouteMapping
   add constraint FK_Sub_Rte_Map_RteID foreign key (RouteID)
      references Route (RouteID)
      on delete cascade;
/* End YUK-4759 */

/* Start YUK-4721 */
alter table DynamicPAOStatistics drop constraint FK_PASt_YkPA;

alter table DynamicPAOStatistics
   add constraint FK_PASt_YkPA foreign key (PAOBjectID)
      references YukonPAObject (PAObjectID)
      on delete cascade;
/* End YUK-4721 */

/* Start YUK-4638 */
update devicetypecommand set devicetype ='MCT-430S4' where devicetype = 'MCT-430S';
insert into command values(-136, 'putconfig emetcon timezone ?''Enter Timezone (et|ct|mt|pt OR #offset)''', 'Write Timezone to Meter', 'MCT-430A'); 

INSERT INTO DEVICETYPECOMMAND VALUES (-676, -111, 'MCT-430A', 26, 'Y', -1);
INSERT INTO DEVICETYPECOMMAND VALUES (-677, -2, 'MCT-430A', 27, 'Y', -1);
INSERT INTO DEVICETYPECOMMAND VALUES (-678, -83, 'MCT-430A', 28, 'Y', -1);
INSERT INTO DEVICETYPECOMMAND VALUES (-679, -136, 'MCT-430A', 29, 'Y', -1);

INSERT INTO DEVICETYPECOMMAND VALUES (-680, -111, 'MCT-430S4', 26, 'Y', -1);
INSERT INTO DEVICETYPECOMMAND VALUES (-681, -2, 'MCT-430S4', 27, 'Y', -1);
INSERT INTO DEVICETYPECOMMAND VALUES (-682, -83, 'MCT-430S4', 28, 'Y', -1);
INSERT INTO DEVICETYPECOMMAND VALUES (-683, -136, 'MCT-430S4', 29, 'Y', -1);

INSERT INTO DEVICETYPECOMMAND VALUES (-684, -111, 'MCT-430SL', 26, 'Y', -1);
INSERT INTO DEVICETYPECOMMAND VALUES (-685, -2, 'MCT-430SL', 27, 'Y', -1);
INSERT INTO DEVICETYPECOMMAND VALUES (-686, -83, 'MCT-430SL', 28, 'Y', -1);
INSERT INTO DEVICETYPECOMMAND VALUES (-687, -136, 'MCT-430SL', 29, 'Y', -1);

insert into devicetypecommand values(-689, -136, 'MCT-410CL', 30, 'N', -1);
insert into devicetypecommand values(-690, -136, 'MCT-410FL', 30, 'N', -1);
insert into devicetypecommand values(-691, -136, 'MCT-410GL', 30, 'N', -1);
insert into devicetypecommand values(-692, -136, 'MCT-410IL', 30, 'N', -1);
insert into devicetypecommand values(-693, -136, 'MCT-470', 32, 'N', -1); 
/* End YUK-4638 */

/* Start YUK-4733 */
delete from yukongrouprole where rolepropertyID = -10308;
delete from yukonroleproperty where rolepropertyID = -10308; 
delete from yukonuserrole where rolepropertyID = -10308;
update yukonroleproperty set keyName = 'Control disconnect', description = 'Allow the ability to control a disconnect to a device' where RolePropertyID = -10309;
/* End YUK-4733 */

/* Start YUK-2924 */
update command set label = 'Configure LEDS (load, test, report)' where commandid = -49;
update command set label = 'Configure LEDS (load, test, report)' where commandid = -97;
/* End YUK-2924 */

/**************************************************************/
/* VERSION INFO                                               */
/*   Automatically gets inserted from build script            */
/**************************************************************/
/* __YUKON_VERSION__ */